{
    "LogisticRegression": {
        "accuracy": 0.8022597977243995,
        "precision": 0.6917075930473302,
        "recall": 0.6081439393939394,
        "f1": 0.6404032809295966,
        "roc_auc": 0.7440719696969696
    },
    "RandomForest": {
        "accuracy": 0.7844184576485461,
        "precision": 0.6422182932302948,
        "recall": 0.5899621212121212,
        "f1": 0.6123918643353764,
        "roc_auc": 0.7262310606060607
    },
    "XGBoost": {
        "accuracy": 0.8004108723135271,
        "precision": 0.6778689458689457,
        "recall": 0.5960227272727272,
        "f1": 0.6323948806158461,
        "roc_auc": 0.7392613636363636
    },
    "NeuralNetwork": {
        "accuracy": 0.8093078381795197,
        "precision": 0.7330444842513808,
        "recall": 0.5460227272727273,
        "f1": 0.615845970338866,
        "roc_auc": 0.7305113636363636
    }
}