{
    "best_params": {
        "C": 0.7873439168762382,
        "penalty": "l1"
    },
    "cv_best_score": 0.8163567307692308,
    "test_metrics": {
        "accuracy": 0.8407079646017699,
        "precision": 0.7666666666666667,
        "recall": 0.6764705882352942,
        "f1": 0.71875,
        "roc_auc": 0.813849590469099
    }
}