{
    "best_params": {
        "C": 1.3947068794143318,
        "penalty": "l1"
    },
    "cv_best_score": 0.8149240384615384,
    "test_metrics": {
        "accuracy": 0.8407079646017699,
        "precision": 0.7666666666666667,
        "recall": 0.6764705882352942,
        "f1": 0.71875,
        "roc_auc": 0.8119880863737902
    }
}