{
    "LogisticRegression": {
        "accuracy": 0.7366042446941323,
        "precision": 0.8,
        "recall": 0.0716923076923077,
        "f1": 0.1264957264957265,
        "roc_auc": 0.8060115384615385
    },
    "RandomForest": {
        "accuracy": 0.8058676654182273,
        "precision": 0.789919028340081,
        "recall": 0.44184615384615383,
        "f1": 0.5625947736474053,
        "roc_auc": 0.8078283653846153
    },
    "XGBoost": {
        "accuracy": 0.7968289637952559,
        "precision": 0.68843984962406,
        "recall": 0.5664615384615385,
        "f1": 0.6154451943271819,
        "roc_auc": 0.7767865384615386
    },
    "NeuralNetwork": {
        "accuracy": 0.46222222222222226,
        "precision": 0.32549206656508367,
        "recall": 0.779076923076923,
        "f1": 0.4546897546897547,
        "roc_auc": 0.6790644230769229
    }
}