{
    "LogisticRegression": {
        "accuracy": 0.7366042446941323,
        "precision": 0.8,
        "recall": 0.0716923076923077,
        "f1": 0.1264957264957265,
        "roc_auc": 0.8060115384615385
    },
    "RandomForest": {
        "accuracy": 0.8059425717852685,
        "precision": 0.8076678876678877,
        "recall": 0.4187692307692307,
        "f1": 0.5468131868131868,
        "roc_auc": 0.8072322115384616
    },
    "XGBoost": {
        "accuracy": 0.7968289637952559,
        "precision": 0.68843984962406,
        "recall": 0.5664615384615385,
        "f1": 0.6154451943271819,
        "roc_auc": 0.7767865384615386
    },
    "NeuralNetwork": {
        "accuracy": 0.4667665418227216,
        "precision": 0.3232037009478207,
        "recall": 0.7938461538461538,
        "f1": 0.4573194296825619,
        "roc_auc": 0.6218615384615385
    }
}